,Nome,GP,STD,Mean,Titolare,Squadra
0,AARONS,10,0.31622776601683794,5.4,0.2631578947368421,Verona
1,ABATE,16,1.3002403623945844,5.84375,0.42105263157894735,Milan
2,ACERBI,38,0.720681082954584,5.881578947368421,1.0,Sassuolo
3,ACQUAH,16,0.8366600265340756,5.75,0.42105263157894735,Torino
4,ADJAPONG,15,0.8423323628614833,5.733333333333333,0.39473684210526316,Sassuolo
5,ADNAN,22,0.7009579098219746,5.909090909090909,0.5789473684210527,Udinese
6,AJETI,18,1.0683350922257706,5.638888888888889,0.47368421052631576,Crotone
7,ALBIOL,31,1.417061930943398,6.483870967741935,0.8157894736842105,Napoli
8,ALEX SANDRO,26,1.8937142989780287,6.615384615384615,0.6842105263157895,Juventus
9,ALISSON,37,1.182168567727345,5.756756756756757,0.9736842105263158,Roma
10,ALLAN,37,1.5341458873274092,6.797297297297297,0.9736842105263158,Napoli
11,ALVAREZ R,11,1.3684762594679063,6.045454545454546,0.2894736842105263,Sampdoria
12,ANDERSEN,6,0.4183300132670378,5.75,0.15789473684210525,Sampdoria
13,ANDRE' SILVA,22,1.6568433450781854,6.068181818181818,0.5789473684210527,Milan
14,ANDREOLLI,22,0.6228860353122495,5.568181818181818,0.5789473684210527,Cagliari
15,ANGELLA,12,0.7177405625652734,5.333333333333333,0.3157894736842105,Udinese
16,ANSALDI,25,1.0420332688227056,6.24,0.6578947368421053,Torino
17,ANTEI,8,0.9613049166924836,5.3125,0.21052631578947367,Benevento
18,ANTENUCCI,32,2.0495377134148267,7.34375,0.8421052631578947,SPAL
19,ANTONELLI,3,0.5773502691896258,5.166666666666667,0.07894736842105263,Milan
20,ANTONUCCI,2,1.4142135623730951,6.5,0.05263157894736842,Roma
21,ARMENTEROS,8,1.3093073414159542,6.0,0.21052631578947367,Benevento
22,ASAMOAH,19,0.5,6.0,0.5,Juventus
23,ASTORI,25,1.061838029079765,6.24,0.6578947368421053,Fiorentina
24,AVENATTI,9,0.5833333333333334,5.444444444444445,0.23684210526315788,Bologna
25,BABACAR,28,1.8202999927188002,6.535714285714286,0.7368421052631579,Sassuolo
26,BADELJ,27,1.1351041971825928,6.0,0.7105263157894737,Fiorentina
27,BAJIC,3,0.0,6.0,0.07894736842105263,Udinese
28,BALIC,17,0.600245047998781,5.617647058823529,0.4473684210526316,Udinese
29,BANI,16,0.5836308764964376,5.59375,0.42105263157894735,Chievo
30,BARAK,34,2.530781973522108,6.838235294117647,0.8947368421052632,Udinese
31,BARBERIS,38,1.2636171521685764,5.894736842105263,1.0,Crotone
32,BARELLA,34,1.531313092119393,6.4411764705882355,0.8947368421052632,Cagliari
33,BARRECA,9,0.8660254037844386,5.666666666666667,0.23684210526315788,Torino
34,BARROW,9,1.9112241568632857,7.555555555555555,0.23684210526315788,Atalanta
35,BARZAGLI,20,0.617188020486123,6.025,0.5263157894736842,Juventus
36,BASELLI,31,1.6850066207074548,6.048387096774194,0.8157894736842105,Torino
37,BASTA,11,0.5680909018170179,6.045454545454546,0.2894736842105263,Lazio
38,BASTIEN,21,1.0322190612831128,5.904761904761905,0.5526315789473685,Chievo
39,BASTONI,2,0.3535533905932738,6.25,0.05263157894736842,Atalanta
40,BASTOS,20,1.743219948679364,6.475,0.5263157894736842,Lazio
41,BEARZOTTI,6,0.5477225575051661,5.5,0.15789473684210525,Verona
42,BEHRAMI,20,1.247101903572734,6.15,0.5263157894736842,Udinese
43,BELEC,15,1.579632265825846,3.566666666666667,0.39473684210526316,Sampdoria
44,BELOTTI,32,2.8325228125949784,6.90625,0.8421052631578947,Torino
45,BENALI,10,1.296362432175337,6.25,0.2631578947368421,Crotone
46,BENASSI,35,1.9843928860108375,6.3428571428571425,0.9210526315789473,Fiorentina
47,BENATIA,20,1.4473205733717958,6.4,0.5263157894736842,Juventus
48,BENTANCUR,11,0.40451991747794525,5.818181818181818,0.2894736842105263,Juventus
49,BERARDI,31,1.4655543191453504,5.741935483870968,0.8157894736842105,Sassuolo
50,BERENGUER,18,1.3197840980097757,6.222222222222222,0.47368421052631576,Torino
51,BERESZYNSKI,31,0.6147820664652734,5.693548387096774,0.8157894736842105,Sampdoria
52,BERNARDESCHI,16,2.0854156260403665,7.46875,0.42105263157894735,Juventus
53,BERTOLACCI,33,0.9765236734705847,5.787878787878788,0.868421052631579,Genoa
54,BESSA,25,1.9744197459844584,6.24,0.6578947368421053,Genoa
55,BIANCHETTI,2,0.7071067811865476,5.5,0.05263157894736842,Verona
56,BIGLIA,26,1.0325472609783275,5.884615384615385,0.6842105263157895,Milan
57,BILLONG,5,0.44721359549995787,5.2,0.13157894736842105,Benevento
58,BIONDINI,6,0.408248290463863,5.666666666666667,0.15789473684210525,Sassuolo
59,BIRAGHI,34,1.2584828032722208,5.852941176470588,0.8947368421052632,Fiorentina
60,BIRASCHI,22,0.7059579473145856,5.886363636363637,0.5789473684210527,Genoa
61,BIRSA,34,1.5313130921193931,6.4411764705882355,0.8947368421052632,Chievo
62,BIZZARRI,32,1.9486864889607216,4.59375,0.8421052631578947,Udinese
63,BONAVENTURA,32,2.471613029529893,6.9375,0.8421052631578947,Milan
64,BONAZZOLI,5,0.2738612787525831,5.7,0.13157894736842105,SPAL
65,BONIFAZI,6,0.6324555320336759,6.0,0.15789473684210525,Torino
66,BONUCCI,35,1.3673872528145288,5.928571428571429,0.9210526315789473,Milan
67,BORINI,23,1.3841993733340365,6.065217391304348,0.6052631578947368,Milan
68,BORJA VALERO,33,1.080780792395998,6.0606060606060606,0.868421052631579,Inter
69,BORRIELLO,12,1.4924050144892729,5.5,0.3157894736842105,SPAL
70,BOYE',8,0.4629100498862757,6.0,0.21052631578947367,Torino
71,BRIGNOLA,18,1.5904124511289148,6.666666666666667,0.47368421052631576,Benevento
72,BRIGNOLI,13,2.40791962554337,3.6153846153846154,0.34210526315789475,Benevento
73,BRLEK,4,0.25,5.375,0.10526315789473684,Genoa
74,BROZOVIC,28,2.184223737013526,6.875,0.7368421052631579,Inter
75,BRUNO PERES,16,0.3637192140465866,5.71875,0.42105263157894735,Roma
76,BUCHEL,21,0.5277986629117476,5.357142857142857,0.5526315789473685,Verona
77,BUDIMIR,21,2.8102702801721846,6.4523809523809526,0.5526315789473685,Crotone
78,BUFFON,21,1.4483159350152328,5.5476190476190474,0.5526315789473685,Juventus
79,BURDISSO,24,0.6912365521400707,5.729166666666667,0.631578947368421,Torino
80,CABRERA,5,0.9082951062292475,5.2,0.13157894736842105,Crotone
81,CACCIATORE,33,1.0905933886623096,5.924242424242424,0.868421052631579,Chievo
82,CACERES,20,1.632523071490069,6.425,0.5263157894736842,Lazio
83,CAICEDO,15,2.1117584638219893,6.433333333333334,0.39473684210526316,Lazio
84,CALABRIA,18,1.5267227492053614,6.25,0.47368421052631576,Milan
85,CALDARA,24,1.6724537211161816,6.416666666666667,0.631578947368421,Atalanta
86,CALHANOGLU,31,1.909089745379713,6.806451612903226,0.8157894736842105,Milan
87,CALLEJON,38,2.334873839498119,7.315789473684211,1.0,Napoli
88,CALVANO,13,0.5250152622934172,5.769230769230769,0.34210526315789475,Verona
89,CANCELO,23,1.2640514574005766,6.434782608695652,0.6052631578947368,Inter
90,CANDREVA,34,0.9789450103725609,6.25,0.8947368421052632,Inter
91,CANNAVARO,16,0.6700435309241731,5.46875,0.42105263157894735,Sassuolo
92,CAPEZZI,3,0.28867513459481287,6.333333333333333,0.07894736842105263,Sampdoria
93,CAPRADOSSI,2,0.0,6.0,0.05263157894736842,Roma
94,CAPRARI,32,1.7224209331541875,6.28125,0.8421052631578947,Sampdoria
95,CAPUANO,24,0.7469745741942985,5.583333333333333,0.631578947368421,Crotone
96,CARACCIOLO A,33,1.5466238891680986,5.7272727272727275,0.868421052631579,Verona
97,CASSATA,7,2.0902266908274854,5.928571428571429,0.18421052631578946,Sassuolo
98,CASTAGNE,19,0.7863975156570492,5.921052631578948,0.5,Atalanta
99,CASTAN,14,0.97001755960089,5.464285714285714,0.3684210526315789,Cagliari
100,CASTRO,25,2.0766559657295187,6.5,0.6578947368421053,Chievo
101,CATALDI,29,1.0407343939823137,5.620689655172414,0.7631578947368421,Benevento
102,CECCHERINI,37,1.1006072579882147,5.824324324324325,0.9736842105263158,Crotone
103,CENTURION,2,0.0,5.5,0.05263157894736842,Genoa
104,CEPPITELLI,25,1.702449216080566,6.24,0.6578947368421053,Cagliari
105,CERCI,23,1.3998164758309943,6.130434782608695,0.6052631578947368,Verona
106,CESAR,9,0.5270462766947299,5.444444444444445,0.23684210526315788,Chievo
107,CETER,5,0.3535533905932738,5.5,0.13157894736842105,Cagliari
108,CHIBSAH,14,0.7119467198239852,5.107142857142857,0.3684210526315789,Benevento
109,CHIELLINI,24,0.5299029170039313,6.208333333333333,0.631578947368421,Juventus
110,CHIESA,36,1.6872538033222497,6.805555555555555,0.9473684210526315,Fiorentina
111,CHIRICHES,7,0.3933978962347216,5.714285714285714,0.18421052631578946,Napoli
112,CICIRETTI,12,1.5441728196577278,6.541666666666667,0.3157894736842105,Benevento
113,CIGARINI,26,1.3834182859302366,5.923076923076923,0.6842105263157895,Cagliari
114,CIONEK,15,0.9411239481143203,6.2,0.39473684210526316,SPAL
115,CODA M,20,2.4755382189908137,6.375,0.5263157894736842,Benevento
116,COFIE,10,0.6346477588219923,5.75,0.2631578947368421,Genoa
117,CONSIGLI,37,2.1363084547447295,4.72972972972973,0.9736842105263158,Sassuolo
118,CONTI,2,0.3535533905932738,6.25,0.05263157894736842,Milan
119,COP,2,0.7071067811865476,5.5,0.05263157894736842,Cagliari
120,CORDAZ,38,1.7872732475620297,4.4605263157894735,1.0,Crotone
121,CORNELIUS,20,1.87697264652138,6.375,0.5263157894736842,Atalanta
122,COSSU,7,0.7319250547113999,5.928571428571429,0.18421052631578946,Cagliari
123,COSTA,16,0.8563488385776752,5.25,0.42105263157894735,Benevento
124,COSTA F,22,0.6966990816626719,5.840909090909091,0.5789473684210527,SPAL
125,CRAGNO,29,1.9203666008794777,4.793103448275862,0.7631578947368421,Cagliari
126,CREMONESI,5,0.5477225575051661,5.1,0.13157894736842105,SPAL
127,CRISETIG,8,0.4629100498862757,5.5,0.21052631578947367,Bologna
128,CRISTANTE,36,2.1445760301762093,6.972222222222222,0.9473684210526315,Atalanta
129,CRISTOFORO,4,0.9128709291752769,5.5,0.10526315789473684,Fiorentina
130,CROCIATA,9,1.2527746981977423,6.277777777777778,0.23684210526315788,Crotone
131,CUADRADO,20,1.809877867353718,7.275,0.5263157894736842,Juventus
132,CUTRONE,26,2.9729550179007984,7.461538461538462,0.6842105263157895,Milan
133,D'ALESSANDRO,15,1.1474609652039005,6.433333333333334,0.39473684210526316,Benevento
134,D'AMBROSIO,34,1.2869321255995507,6.132352941176471,0.8947368421052632,Inter
135,DA COSTA,4,1.25,5.125,0.10526315789473684,Bologna
136,DABO,10,1.7646214576755235,6.15,0.2631578947368421,Fiorentina
137,DAINELLI,19,0.8481145238787243,5.947368421052632,0.5,Chievo
138,DALBERT,11,0.4622081388685877,5.681818181818182,0.2894736842105263,Inter
139,DANILO,32,0.8517948318015736,5.734375,0.8421052631578947,Udinese
140,DANZI,5,0.5700877125495689,5.3,0.13157894736842105,Verona
141,DE MAIO,25,1.2583057392117918,5.9,0.6578947368421053,Bologna
142,DE PAUL,35,1.536256499941805,6.414285714285715,0.9210526315789473,Udinese
143,DE ROON,33,1.2854812799928754,6.106060606060606,0.868421052631579,Atalanta
144,DE ROSSI,21,1.2105685401810964,5.904761904761905,0.5526315789473685,Roma
145,DE SCIGLIO,12,1.1306675421666135,6.625,0.3157894736842105,Juventus
146,DE SILVESTRI,35,1.6515844188042506,6.514285714285714,0.9210526315789473,Torino
147,DE VRIJ,36,1.4994046437550757,6.791666666666667,0.9473684210526315,Lazio
148,DEFREL,12,0.9876126709792599,5.708333333333333,0.3157894736842105,Roma
149,DEIOLA,9,0.565194165260439,5.777777777777778,0.23684210526315788,Cagliari
150,DEL PINTO,11,0.6640098575390961,5.409090909090909,0.2894736842105263,Benevento
151,DELL'ORCO,7,0.607492896293956,6.071428571428571,0.18421052631578946,Sassuolo
152,DEPAOLI,19,0.5580354010024183,5.684210526315789,0.5,Chievo
153,DESSENA,10,0.39440531887330776,5.6,0.2631578947368421,Cagliari
154,DESTRO,25,2.515452245621053,6.66,0.6578947368421053,Bologna
155,DI CHIARA,12,0.6154574548966636,5.166666666666667,0.3157894736842105,Benevento
156,DI FRANCESCO F,22,1.1415035273840826,6.2272727272727275,0.5789473684210527,Bologna
157,DIABATE',10,4.144608277965214,8.7,0.2631578947368421,Benevento
158,DIAWARA,14,1.3931740974960976,6.464285714285714,0.3684210526315789,Napoli
159,DJIMSITI,30,0.8193072487266861,5.533333333333333,0.7894736842105263,Benevento
160,DJURICIC,15,0.8549575316659775,5.966666666666667,0.39473684210526316,Benevento
161,DONNARUMMA G,38,1.2754521135202832,4.9605263157894735,1.0,Milan
162,DONSAH,25,1.5392097539538485,6.34,0.6578947368421053,Bologna
163,DOUGLAS COSTA,31,1.5857225889266566,7.241935483870968,0.8157894736842105,Juventus
164,DRAGOWSKI,3,2.3094010767585034,2.8333333333333335,0.07894736842105263,Fiorentina
165,DRAME',2,0.7071067811865476,5.5,0.05263157894736842,SPAL
166,DUNCAN,26,0.6961432213383857,5.730769230769231,0.6842105263157895,Sassuolo
167,DYBALA,33,4.08439612019533,8.666666666666666,0.868421052631579,Juventus
168,DZEKO,36,3.15357569792445,7.680555555555555,0.9473684210526315,Roma
169,DZEMAILI,15,1.1094829340518857,5.966666666666667,0.39473684210526316,Bologna
170,EDER,18,1.3958973500099159,6.416666666666667,0.47368421052631576,Inter
171,EDERA,7,1.4679107277903192,6.785714285714286,0.18421052631578946,Torino
172,EL SHAARAWY,32,2.334005279591563,6.8125,0.8421052631578947,Roma
173,EL YAMIQ,4,0.75,5.625,0.10526315789473684,Genoa
174,EVERTON LUIZ,9,0.6972166887783964,5.611111111111111,0.23684210526315788,SPAL
175,EYSSERIC,15,1.2705454396776663,6.1,0.39473684210526316,Fiorentina
176,FALCINELLI,29,1.360509177357829,5.879310344827586,0.7631578947368421,Fiorentina
177,FALLETTI,10,1.4529663145135578,6.0,0.2631578947368421,Bologna
178,FARAGO',7,2.0586634591635513,7.714285714285714,0.18421052631578946,Cagliari
179,FARAONI,24,1.3160106602801567,6.166666666666667,0.631578947368421,Crotone
180,FARES,30,0.6242236557627348,5.2,0.7894736842105263,Verona
181,FARIAS,26,1.1833784751230756,5.903846153846154,0.6842105263157895,Cagliari
182,FAZIO,33,1.2749405809089633,6.287878787878788,0.868421052631579,Roma
183,FELICIOLI,4,0.47871355387816905,5.625,0.10526315789473684,Verona
184,FELIPE,30,1.3625744733416587,5.783333333333333,0.7894736842105263,SPAL
185,FELIPE ANDERSON,21,1.7650711573407434,7.261904761904762,0.5526315789473685,Lazio
186,FERRARI A,25,1.176860229593982,5.48,0.6578947368421053,Verona
187,FERRARI G,30,1.5124958440144287,5.883333333333334,0.7894736842105263,Sampdoria
188,FLOCCARI,16,2.344319375284292,6.5625,0.42105263157894735,SPAL
189,FLORENZI,31,1.1230718243196405,6.193548387096774,0.8157894736842105,Roma
190,FOFANA,27,1.614790964041432,5.87037037037037,0.7105263157894737,Udinese
191,FOSSATI,16,0.4425306015783918,5.3125,0.42105263157894735,Verona
192,FREULER,35,1.8082444246173315,6.628571428571429,0.9210526315789473,Atalanta
193,GAGLIARDINI,28,0.5156287578025647,5.607142857142857,0.7368421052631579,Inter
194,GALABINOV,19,1.6605149627511544,6.421052631578948,0.5,Genoa
195,GAMBERINI,23,0.6541143727577168,5.717391304347826,0.6052631578947368,Chievo
196,GARRITANO,8,0.4172614801981401,5.9375,0.21052631578947367,Chievo
197,GASPAR B,12,0.9847319278346619,5.833333333333333,0.3157894736842105,Fiorentina
198,GAZZOLA,9,0.3632415786283894,5.722222222222222,0.23684210526315788,Sassuolo
199,GENTILETTI,4,0.9128709291752769,5.0,0.10526315789473684,Genoa
200,GERSON,18,1.8884322785284717,6.25,0.47368421052631576,Roma
201,GHOULAM,11,2.2673572922918637,7.409090909090909,0.2894736842105263,Napoli
202,GIACCHERINI,16,1.66332999331662,6.5,0.42105263157894735,Chievo
203,GIANNETTI,4,0.6291528696058958,5.125,0.10526315789473684,Cagliari
204,GIL DIAS,24,1.1700907310292563,6.104166666666667,0.631578947368421,Fiorentina
205,GOBBI,24,0.9185586535436918,5.6875,0.631578947368421,Chievo
206,GOLDANIGA,13,1.4455945454184551,5.884615384615385,0.34210526315789475,Sassuolo
207,GOLLINI,7,1.0,5.5,0.18421052631578946,Atalanta
208,GOMEZ A,33,1.711563833917905,7.015151515151516,0.868421052631579,Atalanta
209,GOMIS A,25,1.6985287751463027,4.52,0.6578947368421053,SPAL
210,GONALONS,13,0.6253204306798563,5.846153846153846,0.34210526315789475,Roma
211,GONZALEZ G,22,1.0035111519234015,5.431818181818182,0.5789473684210527,Bologna
212,GOSENS,20,1.164157703189193,6.25,0.5263157894736842,Atalanta
213,GRASSI,28,1.51742524200679,6.446428571428571,0.7368421052631579,SPAL
214,GRAVILLON,2,0.3535533905932738,5.75,0.05263157894736842,Benevento
215,GUILHERME,12,1.4847711791873706,6.75,0.3157894736842105,Benevento
216,GUSTAFSON,4,0.28867513459481287,5.75,0.10526315789473684,Torino
217,GYAMFI,7,0.5,5.5,0.18421052631578946,Benevento
218,HAAS,6,0.408248290463863,5.666666666666667,0.15789473684210525,Atalanta
219,HALLFREDSSON,16,0.8266397845091497,5.625,0.42105263157894735,Udinese
220,HAMSIK,38,1.896316711338399,6.657894736842105,1.0,Napoli
221,HAN,5,0.5700877125495689,5.7,0.13157894736842105,Cagliari
222,HANDANOVIC,38,1.1624763874381927,5.5,1.0,Inter
223,HATEBOER,32,0.4464804117366361,5.953125,0.8421052631578947,Atalanta
224,HECTOR MORENO,4,0.408248290463863,6.0,0.10526315789473684,Roma
225,HELANDER,28,0.6009252125773316,5.75,0.7368421052631579,Bologna
226,HETEMAJ,32,1.5390580225495702,6.203125,0.8421052631578947,Chievo
227,HEURTAUX,17,0.8972998711821647,5.352941176470588,0.4473684210526316,Verona
228,HIGUAIN,33,3.0797481203579755,7.712121212121212,0.868421052631579,Juventus
229,HILJEMARK,15,0.9611501047232549,6.066666666666666,0.39473684210526316,Genoa
230,HOWEDES,3,1.8929694486000912,6.833333333333333,0.07894736842105263,Juventus
231,HYSAJ,35,0.6357685747756561,5.914285714285715,0.9210526315789473,Napoli
232,IAGO FALQUE,36,2.470902090908732,7.458333333333333,0.9473684210526315,Torino
233,ICARDI,34,4.248833330483996,8.911764705882353,0.8947368421052632,Inter
234,IEMMELLO,15,1.6057930839841816,6.1,0.39473684210526316,Benevento
235,ILICIC,31,2.6818786546522886,7.67741935483871,0.8157894736842105,Atalanta
236,IMMOBILE,33,4.658712105812988,9.287878787878787,0.868421052631579,Lazio
237,INGELSSON,5,1.823458252881047,6.3,0.13157894736842105,Udinese
238,INGLESE,33,2.704513623443953,7.075757575757576,0.868421052631579,Chievo
239,INSIGNE,37,2.00506116372301,7.202702702702703,0.9736842105263158,Napoli
240,IONITA,35,0.4750055284950274,5.728571428571429,0.9210526315789473,Cagliari
241,IZCO,3,0.28867513459481287,5.333333333333333,0.07894736842105263,Crotone
242,IZZO,16,1.1086778913041726,6.0625,0.42105263157894735,Genoa
243,JANKTO,36,1.8965298301965612,6.444444444444445,0.9473684210526315,Udinese
244,JAROSZYNSKI,10,0.7453559924999299,5.5,0.2631578947368421,Chievo
245,JOAO MARIO,12,0.7784989441615229,6.166666666666667,0.3157894736842105,Inter
246,JOAO PEDRO,22,1.8558728591323463,6.295454545454546,0.5789473684210527,Cagliari
247,JORGINHO,32,1.0506334494776426,6.15625,0.8421052631578947,Napoli
248,JUAN JESUS,20,0.8626001086067756,5.575,0.5263157894736842,Roma
249,KALINIC,30,2.276882825772739,6.383333333333334,0.7894736842105263,Milan
250,KARAMOH,11,1.7786613965666325,6.318181818181818,0.2894736842105263,Inter
251,KEAN,19,2.3591925469711477,6.2368421052631575,0.5,Verona
252,KEITA C,2,0.3535533905932738,5.25,0.05263157894736842,Bologna
253,KESSIE',37,1.8463908468033412,6.202702702702703,0.9736842105263158,Milan
254,KHEDIRA,26,3.196151531981019,7.346153846153846,0.6842105263157895,Juventus
255,KOLAROV,35,1.5046147501000005,6.671428571428572,0.9210526315789473,Roma
256,KOULIBALY,35,1.8354584067815893,6.685714285714286,0.9210526315789473,Napoli
257,KOWNACKI,20,1.7733405882980469,6.75,0.5263157894736842,Sampdoria
258,KRAFTH,12,0.37688918072220456,5.375,0.3157894736842105,Bologna
259,KRAGL,3,0.28867513459481287,5.666666666666667,0.07894736842105263,Crotone
260,KREJCI,8,0.4172614801981401,5.5625,0.21052631578947367,Bologna
261,KURTIC,29,1.4272161058535886,5.913793103448276,0.7631578947368421,SPAL
262,LAPADULA,26,1.6417626550097355,6.346153846153846,0.6842105263157895,Genoa
263,LASAGNA,29,2.373524950291269,7.482758620689655,0.7631578947368421,Udinese
264,LAURINI,21,0.6248809410409238,5.738095238095238,0.5526315789473685,Fiorentina
265,LAXALT,32,1.5566422455545659,6.359375,0.8421052631578947,Genoa
266,LAZAAR,7,1.3844373104863459,6.0,0.18421052631578946,Benevento
267,LAZOVIC,19,0.5645471196387398,5.973684210526316,0.5,Genoa
268,LAZZARI M,35,1.0933335041333474,6.285714285714286,0.9210526315789473,SPAL
269,LEE,12,1.2515142343528813,5.791666666666667,0.3157894736842105,Verona
270,LEMOS,8,2.2795676281761352,6.125,0.21052631578947367,Sassuolo
271,LERIS,2,0.7071067811865476,5.5,0.05263157894736842,Chievo
272,LETIZIA,28,1.1344765475923408,5.75,0.7368421052631579,Benevento
273,LETSCHERT,6,0.2041241452319315,5.916666666666667,0.15789473684210525,Sassuolo
274,LICHTSTEINER,24,0.7058246282166,5.708333333333333,0.631578947368421,Juventus
275,LINETTY,28,1.3892063129334606,6.321428571428571,0.7368421052631579,Sampdoria
276,LIROLA,24,0.569451808600904,5.791666666666667,0.631578947368421,Sassuolo
277,LJAJIC,27,1.7628243978201166,7.37037037037037,0.7105263157894737,Torino
278,LO FASO,2,0.0,6.0,0.05263157894736842,Fiorentina
279,LOCATELLI M,15,0.49280538030458115,5.8,0.39473684210526316,Milan
280,LOMBARDI,17,0.7524469885568253,5.735294117647059,0.4473684210526316,Benevento
281,LUCAS LEIVA,36,1.0495652917219118,6.388888888888889,0.9473684210526315,Lazio
282,LUCIONI,8,1.0690449676496976,5.75,0.21052631578947367,Benevento
283,LUIS ALBERTO,34,2.7909964742136606,7.705882352941177,0.8947368421052632,Lazio
284,LUIZ FELIPE,17,0.7487735069471156,5.676470588235294,0.4473684210526316,Lazio
285,LUKAKU J,30,1.1576829812420457,6.266666666666667,0.7894736842105263,Lazio
286,LULIC,35,1.582865182153537,6.242857142857143,0.9210526315789473,Lazio
287,LYANCO,4,0.7071067811865476,6.0,0.10526315789473684,Torino
288,LYKOGIANNIS,9,1.0,6.166666666666667,0.23684210526315788,Cagliari
289,MAGGIO,10,0.3496029493900505,6.2,0.2631578947368421,Napoli
290,MAGNANELLI,30,0.6939806880614898,5.533333333333333,0.7894736842105263,Sassuolo
291,MAIETTA,7,0.6362090102803518,6.214285714285714,0.18421052631578946,Bologna
292,MANCINI G,9,2.091650066335189,6.0,0.23684210526315788,Atalanta
293,MANDRAGORA,36,1.2417984909249535,5.972222222222222,0.9473684210526315,Crotone
294,MANDZUKIC,32,2.0570860027185653,6.453125,0.8421052631578947,Juventus
295,MANOLAS,29,1.392051680712106,6.293103448275862,0.7631578947368421,Roma
296,MARCHISIO,12,0.596708141439855,6.083333333333333,0.3157894736842105,Juventus
297,MARIO RUI,24,1.4889386843645045,6.229166666666667,0.631578947368421,Napoli
298,MARTELLA,30,0.9965457582448797,6.2,0.7894736842105263,Crotone
299,MARUSIC,31,1.347638316559033,6.370967741935484,0.8157894736842105,Lazio
300,MASIELLO A,31,1.510892351865192,6.629032258064516,0.8157894736842105,Atalanta
301,MASINA,34,0.6906879982115226,5.514705882352941,0.8947368421052632,Bologna
302,MATOS,17,0.6488111299545817,5.529411764705882,0.4473684210526316,Verona
303,MATRI,20,1.6260624057422952,6.225,0.5263157894736842,Sassuolo
304,MATTIELLO,26,0.6275716324421889,5.576923076923077,0.6842105263157895,SPAL
305,MATUIDI,30,1.270916946561604,6.383333333333334,0.7894736842105263,Juventus
306,MAXI LOPEZ,27,1.473652747987945,5.962962962962963,0.7105263157894737,Udinese
307,MAZZITELLI,17,0.6600467897853017,5.676470588235294,0.4473684210526316,Sassuolo
308,MBAYE,24,1.1497873149262072,5.8125,0.631578947368421,Bologna
309,MEDEIROS,10,2.0282723902101734,6.85,0.2631578947368421,Genoa
310,MEGGIORINI,14,0.4746311465493234,5.428571428571429,0.3684210526315789,Chievo
311,MEMUSHAJ,16,0.7180703308172536,5.53125,0.42105263157894735,Benevento
312,MERET,13,2.1076782705877317,5.730769230769231,0.34210526315789475,SPAL
313,MERTENS,38,2.97670543536527,7.723684210526316,1.0,Napoli
314,MIANGUE,11,0.958218043131008,5.7272727272727275,0.2894736842105263,Cagliari
315,MIGLIORE,5,0.758287544405155,5.3,0.13157894736842105,Genoa
316,MIGUEL VELOSO,22,0.9560130956012259,5.840909090909091,0.5789473684210527,Genoa
317,MILENKOVIC,16,0.7274384280931732,5.6875,0.42105263157894735,Fiorentina
318,MILIK,12,2.6752938099761994,7.541666666666667,0.3157894736842105,Napoli
319,MILINKOVIC-SAVIC,35,2.852611953628322,7.628571428571429,0.9210526315789473,Lazio
320,MIRANDA,31,0.5974857716396499,5.903225806451613,0.8157894736842105,Inter
321,MIRANTE,33,1.3293026196263416,4.7272727272727275,0.868421052631579,Bologna
322,MISSIROLI,35,0.8941922790612615,6.042857142857143,0.9210526315789473,Sassuolo
323,MOLINARO,20,0.7340407273943894,5.725,0.5263157894736842,Torino
324,MONTOLIVO,16,1.3102162671355697,5.875,0.42105263157894735,Milan
325,MORA,17,0.6108696789871653,5.676470588235294,0.4473684210526316,SPAL
326,MORETTI,22,0.751981509397798,5.75,0.5789473684210527,Torino
327,MURGIA,13,0.7489308618940976,5.538461538461538,0.34210526315789475,Lazio
328,MURRU,19,0.6141603882180455,5.605263157894737,0.5,Sampdoria
329,MUSACCHIO,14,0.6462061726588639,5.428571428571429,0.3684210526315789,Milan
330,N'KOULOU,37,1.2159784552382513,6.202702702702703,0.9736842105263158,Torino
331,NAGATOMO,11,0.4622081388685877,5.818181818181818,0.2894736842105263,Inter
332,NAGY,12,1.195794398056891,6.041666666666667,0.3157894736842105,Bologna
333,NAINGGOLAN,31,1.8456575015162553,6.838709677419355,0.8157894736842105,Roma
334,NALINI,23,0.8818548543778183,6.130434782608695,0.6052631578947368,Crotone
335,NANI,14,2.1803946613218623,6.821428571428571,0.3684210526315789,Lazio
336,NIANG,24,1.6798841833784903,6.1875,0.631578947368421,Torino
337,NICOLAS,36,2.0464351505476115,4.180555555555555,0.9473684210526315,Verona
338,NUYTINCK,27,0.9906974722292782,6.092592592592593,0.7105263157894737,Udinese
339,OBI,21,1.767093389614439,6.880952380952381,0.5526315789473685,Torino
340,OIKONOMOU,3,1.1547005383792517,4.833333333333333,0.07894736842105263,SPAL
341,OKWONKWO,7,2.6412479013130286,7.357142857142857,0.18421052631578946,Bologna
342,OLIVERA M,7,0.5773502691896257,5.5,0.18421052631578946,Fiorentina
343,OMEONGA,15,0.4551294949163997,5.8,0.39473684210526316,Genoa
344,ORSOLINI,12,0.417423554968361,5.916666666666667,0.3157894736842105,Bologna
345,OUNAS,3,0.5,6.0,0.07894736842105263,Napoli
346,PADOIN,37,0.9968042027492755,5.783783783783784,0.9736842105263158,Cagliari
347,PALACIO,27,1.640825308284734,6.5,0.7105263157894737,Bologna
348,PALLADINO,4,0.25,5.875,0.10526315789473684,Genoa
349,PALOMINO,23,0.9409439377939296,6.108695652173913,0.6052631578947368,Atalanta
350,PALOSCHI,33,1.9040676156188585,6.378787878787879,0.868421052631579,SPAL
351,PANDEV,31,1.795154769138664,6.451612903225806,0.8157894736842105,Genoa
352,PARIGINI,18,0.4473962434942994,5.638888888888889,0.47368421052631576,Benevento
353,PAROLO,31,1.7817775345973184,6.516129032258065,0.8157894736842105,Lazio
354,PATRIC,10,0.724568837309472,5.95,0.2631578947368421,Lazio
355,PAVLOVIC,10,0.39440531887330776,5.4,0.2631578947368421,Crotone
356,PAVOLETTI,33,2.170414881439896,6.848484848484849,0.868421052631579,Cagliari
357,PAZZINI,18,1.4063929665888508,6.083333333333333,0.47368421052631576,Verona
358,PEGOLO,2,1.4142135623730951,5.0,0.05263157894736842,Sassuolo
359,PELLEGRI,4,4.2130748865881795,7.25,0.10526315789473684,Genoa
360,PELLISSIER,15,1.560677508556552,6.1,0.39473684210526316,Chievo
361,PELUSO,31,1.2236469376241617,5.725806451612903,0.8157894736842105,Sassuolo
362,PEREIRA P,6,0.5244044240850758,5.75,0.15789473684210525,Genoa
363,PERICA,20,0.977039028472197,5.575,0.5263157894736842,Udinese
364,PERIN,37,1.1808977599773485,5.121621621621622,0.9736842105263158,Genoa
365,PERISIC,37,2.9524510100875454,7.243243243243243,0.9736842105263158,Inter
366,PEROTTI,23,1.8041454241447532,6.869565217391305,0.6052631578947368,Roma
367,PETAGNA,29,1.761311088016104,6.431034482758621,0.7631578947368421,Atalanta
368,PETKOVIC,22,0.7548544196102946,5.613636363636363,0.5789473684210527,Verona
369,PEZZELLA GER,34,1.1477327879714294,5.970588235294118,0.8947368421052632,Fiorentina
370,PEZZELLA GIU,14,0.7992097745500011,5.321428571428571,0.3684210526315789,Udinese
371,PIERINI N,2,0.0,5.5,0.05263157894736842,Sassuolo
372,PISACANE,24,0.8720187306856813,5.604166666666667,0.631578947368421,Cagliari
373,PJANIC,31,2.0990269122845056,7.048387096774194,0.8157894736842105,Juventus
374,POLI,31,1.249946235402887,5.935483870967742,0.8157894736842105,Bologna
375,POLITANO,36,2.516729737462601,7.125,0.9473684210526315,Sassuolo
376,PRAET,32,0.9887216820299477,6.171875,0.8421052631578947,Sampdoria
377,PUCCIARELLI,19,1.3865477344408454,5.815789473684211,0.5,Chievo
378,PUGGIONI,23,1.7136974334113455,4.369565217391305,0.6052631578947368,Benevento
379,PULGAR,32,1.5468979103875247,6.046875,0.8421052631578947,Bologna
380,PUSCAS,11,1.3668144783334053,5.7272727272727275,0.2894736842105263,Benevento
381,QUAGLIARELLA,35,3.183927599362648,7.871428571428571,0.9210526315789473,Sampdoria
382,RADOVANOVIC,35,0.9620967997560538,5.828571428571428,0.9210526315789473,Chievo
383,RADU,31,0.7728595137261294,5.725806451612903,0.8157894736842105,Lazio
384,RAFAEL,10,1.2572014777097407,4.95,0.2631578947368421,Cagliari
385,RAFINHA,16,1.5,6.875,0.42105263157894735,Inter
386,RAGUSA,23,0.7168221481614958,5.673913043478261,0.6052631578947368,Sassuolo
387,RAMIREZ,36,1.709218702047392,6.25,0.9473684210526315,Sampdoria
388,RANOCCHIA,7,2.2677868380553634,6.857142857142857,0.18421052631578946,Inter
389,REGINI,14,0.5447047794019222,5.785714285714286,0.3684210526315789,Sampdoria
390,REINA,37,1.2667792742738293,5.283783783783784,0.9736842105263158,Napoli
391,RICCI,18,1.3336396706913864,5.972222222222222,0.47368421052631576,Crotone
392,RIGONI L,22,1.7438823185999508,6.2272727272727275,0.5789473684210527,Genoa
393,RIGONI N,14,0.44629118765199055,5.392857142857143,0.3684210526315789,Chievo
394,RINCON,36,1.0129126633091639,5.847222222222222,0.9473684210526315,Torino
395,RIZZO,10,2.0027758514399734,6.8,0.2631578947368421,Atalanta
396,RODRIGUEZ R,34,1.0315867016371683,5.735294117647059,0.8947368421052632,Milan
397,ROG,11,1.179368089660345,6.090909090909091,0.2894736842105263,Napoli
398,ROGERIO,11,0.5,5.5,0.2894736842105263,Sassuolo
399,ROHDEN,24,1.2581257627052267,5.8125,0.631578947368421,Crotone
400,ROMAGNA,21,0.6796357567879738,5.809523809523809,0.5526315789473685,Cagliari
401,ROMAGNOLI A,27,1.3558462627890702,6.12962962962963,0.7105263157894737,Milan
402,ROMAGNOLI S,8,0.49551560448255744,5.9375,0.21052631578947367,Bologna
403,ROMERO A,2,0.7071067811865476,5.5,0.05263157894736842,Crotone
404,ROMULO,37,1.4164679245861451,6.297297297297297,0.9736842105263158,Verona
405,ROSI,24,0.48154341234307685,5.583333333333333,0.631578947368421,Genoa
406,ROSSETTINI,23,0.8370142683225262,5.717391304347826,0.6052631578947368,Genoa
407,ROSSI,8,1.3076014027873435,6.3125,0.21052631578947367,Genoa
408,RUGANI,22,1.4250768947127577,6.431818181818182,0.5789473684210527,Juventus
409,SADIQ,3,0.28867513459481287,4.666666666666667,0.07894736842105263,Torino
410,SAGNA,13,1.214231845389905,6.153846153846154,0.34210526315789475,Benevento
411,SALA,13,0.7905694150420949,5.5,0.34210526315789475,Sampdoria
412,SALAMON,20,0.6340139463848775,5.575,0.5263157894736842,SPAL
413,SAMIR,31,1.1307053655377752,5.612903225806452,0.8157894736842105,Udinese
414,SAMPIRISI,29,0.5327916995166981,5.637931034482759,0.7631578947368421,Crotone
415,SANCHEZ C,7,1.7728105208558367,6.142857142857143,0.18421052631578946,Fiorentina
416,SANDRO,14,1.136917946723693,6.178571428571429,0.3684210526315789,Benevento
417,SANTON,13,0.8026398751811233,5.461538461538462,0.34210526315789475,Inter
418,SAPONARA,16,0.9287087810503355,6.1875,0.42105263157894735,Fiorentina
419,SAU,27,1.3511101270801635,5.962962962962963,0.7105263157894737,Cagliari
420,SCHIATTARELLA,27,0.9540735874430285,6.111111111111111,0.7105263157894737,SPAL
421,SCHIAVON,8,0.4172614801981401,5.5625,0.21052631578947367,SPAL
422,SCHICK,17,1.5559421205022188,6.029411764705882,0.4473684210526316,Roma
423,SCUFFET,6,2.48327740429189,4.333333333333333,0.15789473684210525,Udinese
424,SENSI,16,1.7559422921421233,6.375,0.42105263157894735,Sassuolo
425,SILVA J,2,0.0,6.0,0.05263157894736842,Roma
426,SILVESTRE,34,1.0075472768815938,6.0,0.8947368421052632,Sampdoria
427,SILVESTRI,2,1.4142135623730951,3.0,0.05263157894736842,Verona
428,SIMEONE,38,2.9124554709994737,7.276315789473684,1.0,Fiorentina
429,SIMIC L,4,1.9311050377094112,6.875,0.10526315789473684,SPAL
430,SIMIC S,7,0.4498677054212186,5.571428571428571,0.18421052631578946,Crotone
431,SIMY,17,2.8449516691852605,7.5,0.4473684210526316,Crotone
432,SIRIGU,37,1.635749270418812,5.364864864864865,0.9736842105263158,Torino
433,SKRINIAR,38,1.4492971760165936,6.618421052631579,1.0,Inter
434,SORRENTINO,38,2.006036409643069,4.947368421052632,1.0,Chievo
435,SOUPRAYEN,20,0.6609403189873938,5.1,0.5263157894736842,Verona
436,SPINAZZOLA,18,0.7122871199007255,5.916666666666667,0.47368421052631576,Atalanta
437,SPOLLI,21,0.689202437604511,6.0,0.5526315789473685,Genoa
438,SPORTIELLO,37,1.6672296346498445,5.108108108108108,0.9736842105263158,Fiorentina
439,STEPINSKI,18,2.1019754169815523,6.777777777777778,0.47368421052631576,Chievo
440,STOIAN,30,1.4041195547879572,6.05,0.7894736842105263,Crotone
441,STRAKOSHA,38,1.569909529788642,5.0394736842105265,1.0,Lazio
442,STRINIC,15,0.9154754164341269,5.966666666666667,0.39473684210526316,Sampdoria
443,STROOTMAN,29,1.1185846088220577,5.913793103448276,0.7631578947368421,Roma
444,STRYGER LARSEN,29,0.7936788446055396,5.827586206896552,0.7631578947368421,Udinese
445,STURARO,11,0.26111648393354675,5.7272727272727275,0.2894736842105263,Juventus
446,SUSO,35,2.1906984420192446,6.871428571428571,0.9210526315789473,Milan
447,SZCZESNY,17,1.1106105898797027,5.529411764705882,0.4473684210526316,Juventus
448,TAARABT,22,1.68083802021981,6.204545454545454,0.5789473684210527,Genoa
449,TAIDER,7,0.6362090102803518,6.214285714285714,0.18421052631578946,Bologna
450,THEREAU,20,2.41650029675366,7.05,0.5263157894736842,Fiorentina
451,TOLOI,30,0.8971538649926579,6.216666666666667,0.7894736842105263,Atalanta
452,TOMOVIC,29,0.8117062246120154,5.637931034482759,0.7631578947368421,Chievo
453,TONELLI,4,2.358495283014151,6.125,0.10526315789473684,Napoli
454,TONEV,7,0.34503277967117707,5.571428571428571,0.18421052631578946,Crotone
455,TOROSIDIS,15,0.6113996432854077,5.633333333333334,0.39473684210526316,Bologna
456,TORREIRA,36,1.910029917491945,6.458333333333333,0.9473684210526315,Sampdoria
457,TOSCA,13,0.8378084965689218,5.576923076923077,0.34210526315789475,Benevento
458,TROTTA,32,2.1766725123009323,6.5625,0.8421052631578947,Crotone
459,TUMMINELLO,5,1.7888543819998317,8.3,0.13157894736842105,Crotone
460,TUPTA,2,0.3535533905932738,5.75,0.05263157894736842,Verona
461,UNDER,20,2.981963323576917,7.45,0.5263157894736842,Roma
462,VAISANEN,7,0.6454972243679028,5.5,0.18421052631578946,SPAL
463,VALDIFIORI,9,0.6346477588219923,5.444444444444445,0.23684210526315788,Torino
464,VALOTI,25,2.040628988000187,5.82,0.6578947368421053,Verona
465,VAN DER WIEL,4,0.7071067811865476,5.5,0.10526315789473684,Cagliari
466,VECINO,28,1.5416398539066898,6.196428571428571,0.7368421052631579,Inter
467,VENUTI,30,0.793109695127822,5.316666666666666,0.7894736842105263,Benevento
468,VERDE,30,1.2525835370311151,6.0,0.7894736842105263,Verona
469,VERDI,33,2.412090756622109,7.454545454545454,0.868421052631579,Bologna
470,VERETOUT,36,2.1646510771286636,6.666666666666667,0.9473684210526315,Fiorentina
471,VERRE,7,0.4498677054212186,5.428571428571429,0.18421052631578946,Sampdoria
472,VICARI,34,0.8121185516225344,5.647058823529412,0.8947368421052632,SPAL
473,VIDO,4,0.25,5.875,0.10526315789473684,Atalanta
474,VIOLA,23,1.7698618779988669,6.282608695652174,0.6052631578947368,Benevento
475,VITOR HUGO,18,1.484120742758138,6.055555555555555,0.47368421052631576,Fiorentina
476,VIVIANI,29,1.2720953584481087,6.258620689655173,0.7631578947368421,SPAL
477,VIVIANO,27,2.311867069000583,4.962962962962963,0.7105263157894737,Sampdoria
478,VUKOVIC,15,1.4450243036347996,5.866666666666666,0.39473684210526316,Verona
479,WALLACE,12,0.6396021490668313,5.5,0.3157894736842105,Lazio
480,WIDMER,22,1.5019828164637508,6.25,0.5789473684210527,Udinese
481,ZACCAGNI,2,0.3535533905932738,5.25,0.05263157894736842,Verona
482,ZAMPANO,6,1.4404860290887933,6.25,0.15789473684210525,Udinese
483,ZAPATA C,11,0.8660254037844386,6.0,0.2894736842105263,Milan
484,ZAPATA D,30,2.4023455970813385,7.566666666666666,0.7894736842105263,Sampdoria
485,ZIELINSKI,36,1.5811388300841898,6.5,0.9473684210526315,Napoli
486,ZUCULINI B,16,2.0289570391377603,5.625,0.42105263157894735,Verona
487,ZUCULINI F,7,0.37796447300922725,5.857142857142857,0.18421052631578946,Verona
488,ZUKANOVIC,31,0.6843095570664444,5.919354838709677,0.8157894736842105,Genoa
